recording_id,subject_id,night,epoch_count,quality_issue_count,flatline_count,amplitude_artifact_count,median_std_uv,median_total_band_power_uv2,count_wake,count_n1,count_n2,count_n3,count_rem
SC4001,0,1,841,0,0,0,17.930782582271235,297.5398005911788,188,58,250,220,125
SC4011,1,1,1103,0,0,0,13.046546176683206,157.4250842409376,157,109,562,105,170
SC4021,2,1,1025,0,0,0,11.230040001253517,111.87281469715776,128,94,545,95,163
SC4031,3,1,952,0,0,0,11.326262603302641,118.60545472996141,140,61,485,57,209
