subject_id,recording_id,epoch_count,median_std_uv,median_rms_uv,median_peak_to_peak_uv,median_total_band_power_uv2,median_zero_crossing_rate,median_line_length_uv,median_hjorth_mobility,median_hjorth_complexity,median_relative_delta_power,median_relative_theta_power,median_relative_alpha_power,median_relative_sigma_power,median_relative_beta_power,median_spectral_entropy,median_dominant_frequency_hz,median_spectral_centroid_hz,median_spectral_edge_frequency_95_hz
0,SC4001,841,17.930782582271235,17.930782609270775,144.32394347503248,297.5398005911788,0.0800266755585195,8908.951739075037,0.2331847699927671,3.640162572649825,0.8609126006648621,0.0927555998167339,0.0188264591287294,0.010766593922355,0.0083450744566717,0.6111514469381897,0.5,2.4075610464141066,7.25
1,SC4011,1103,13.046546176683206,13.046581822157078,116.78342656583575,157.4250842409376,0.0823607869289763,7053.415924907164,0.2396921706899593,3.636793728469388,0.8538439441583454,0.0909864246296025,0.022208451013692,0.0113314137121328,0.0087282728085456,0.62359927414702,1.0,2.572356897213295,7.75
2,SC4021,1025,11.230040001253515,11.23058959331762,95.97125012903962,111.87281469715776,0.0780260086695565,5247.027653764518,0.211005402658111,4.006386776113546,0.8812829967171267,0.0754900279666304,0.014998002096223,0.0110622728462383,0.0071526227555254,0.5749216003860294,0.5,2.133458226832924,6.5
3,SC4031,952,11.326262603302643,11.326429080488065,93.90764070523997,118.60545472996142,0.108702900966989,7916.164436914773,0.3187124242714289,3.2714933182737447,0.8044377824212214,0.0922128186865052,0.0320029963541205,0.02421450389201655,0.01803102446772785,0.6458281648564359,0.5,2.9957330941265816,13.25
