sleep_stage,avg_delta_power,avg_theta_power,avg_alpha_power,avg_beta_power
N1,8.307983813444807e-11,2.1061578103529757e-11,5.9709648090898726e-12,4.565972906169072e-12
N2,2.0551576371265588e-10,2.583168367548692e-11,7.408333428784784e-12,4.0881516341315665e-12
N3,8.291582562193476e-10,4.054063893872631e-11,1.0049684308126754e-11,3.234509961342256e-12
REM,5.3744850755626615e-11,1.7729577301114437e-11,4.632352563512189e-12,2.6292354583285306e-12
Wake,3.9622654653004327e-10,3.913861806525287e-11,8.944210372262691e-12,1.5193283993031585e-11
